"player_name","email","player_id","country","last_login"
Trisha Kessler,trisha_kessler@gmail.com,DA1X9864,Myanmar (Burma),"2020-11-12"
Tangela Graver,tangela_g@gmail.com,SZ0S2637,Marshall Islands,"2020-12-11"
Eliseo Ewald,eliseo_ewald@gmail.com,QX0H6977,Italy,"2020-12-20"
Bernardo Dieterich,dieterich.b@gmail.com,BK3W3327,Cambodia,"2020-10-11"
Maurice Wilcoxson,wilcoxson_m@gmail.com,EG5I9716,Marshall Islands,"2020-12-11"
Orval Ramirez,ramirez.o@gmail.com,FD2Y5227,Cabo Verde,"2020-12-30"
Ivana Garett,garett.i@gmail.com,AE2A5525,Serbia,"2020-12-28"
Thao Rau,thao.rau@gmail.com,RR3I5473,Equatorial Guinea,"2020-10-14"
Nubia Francisco,nubia_f@yahoo.com,IH1E6684,Ireland,"2020-11-19"
Mellisa Wyse,mellisa_w@gmail.com,NI1W4446,Kiribati,"2020-12-11"
Britany Zambrana,britany.zambrana@outlook.com,XS7N7546,Oman,"2020-10-12"
Dylan Sakamoto,sakamoto.dylan@gmail.com,DI5Z8931,China,"2020-12-20"
Elliott Guion,elliott.guion@gmail.com,HF9F3543,Zambia,"2020-12-16"
Merna Dykes,dykes.m@yahoo.com,WJ9P5318,Andorra,"2020-11-22"
Risa Uecker,risa.uecker@yahoo.com,WH7U8492,Guyana,"2020-12-30"
Lilli Saragosa,lilli_s@yahoo.com,HR7Z5459,Sri Lanka,"2020-11-28"
Orpha Locklin,locklin_orpha@gmail.com,ED3H6944,Nauru,"2020-10-15"
Devona Pascarella,pascarella.d@gmail.com,UE7S7212,Equatorial Guinea,"2020-12-15"
Wiley Masser,wiley.m@gmail.com,GT3R2739,Belize,"2020-12-10"
Inell Guidi,guidi.inell@gmail.com,YT3V4686,Guyana,"2020-12-20"
Phebe Danford,phebe_danford@yahoo.com,QZ2P9717,Mauritius,"2020-12-03"
Cheyenne Dusenberry,dusenberry_c@gmail.com,MR3C7483,Mozambique,"2020-12-31"
Rafaela Malone,rafaela.malone@gmail.com,PN5R2595,Botswana,"2020-12-30"
Krystle Frisbie,frisbie_krystle@gmail.com,UT9L7396,Togo,"2020-12-30"
Jacqueline Ristau,ristau.j@yahoo.com,EH1B2775,Bulgaria,"2020-12-28"
Leonie Hass,leonie_hass@yahoo.com,LK1V6934,Bangladesh,"2020-12-24"
Coretta Noack,coretta_n@gmail.com,MG9O7713,Guyana,"2020-10-16"
Alycia Westphal,westphal.a@gmail.com,WW3P4814,Myanmar (Burma),"2020-12-11"
Argelia Charron,argelia.charron@yahoo.com,QI5A5188,United Kingdom,"2020-12-12"
Shaquana Mullis,shaquana.m@gmail.com,CF0K6668,Azerbaijan,"2020-11-29"
Natisha Tart,natisha_tart@gmail.com,HY4U1185,Syria,"2020-11-06"
Vi Murga,vi.murga@yahoo.com,GN3Q4328,Malta,"2020-12-30"
Bertie Backer,backer.b@gmail.com,PJ5U7919,Turkey,"2020-12-21"
Sheridan Hartson,hartson_sheridan@yahoo.com,QI2L2521,Indonesia,"2020-11-03"
Lou Romaine,romaine.l@yahoo.com,TE4H9918,Eswatini,"2020-12-22"
Lenard Brickman,lenard.b@gmail.com,AB2O5124,Dominican Republic,"2020-12-14"
Agnes Bickers,agnes_bickers@yahoo.com,GA6X3759,Chad,"2020-07-16"
Florencio Morel,florencio_m@yahoo.com,DI5W4327,Poland,"2020-12-28"
Chia Clow,chia_clow@yahoo.com,PJ4T5721,Guinea-Bissau,"2020-12-24"
Evangelina Morganti,evangelina_m@gmail.com,CK2N8997,Spain,"2020-12-14"
Sook Lewellyn,lewellyn.sook@gmail.com,LA2L5142,Thailand,"2020-12-02"
Micheline Lupi,lupi_m@yahoo.com,BD7Z8494,Tuvalu,"2020-11-24"
Morgan Montgomery,montgomery.m@yahoo.com,DG2Y6199,Ghana,"2020-11-23"
Leida Walborn,leida_walborn@gmail.com,NF3B6952,Indonesia,"2020-12-28"
Catheryn Brickhouse,brickhouse.catheryn@gmail.com,OQ9Z8926,Myanmar (Burma),"2020-12-28"
Alleen Byer,byer.alleen@gmail.com,UQ8K6965,Iceland,"2020-11-12"
Thea Browner,browner.thea@gmail.com,PD9J7191,Sri Lanka,"2020-11-14"
Jonelle Sipos,sipos_j@yahoo.com,BD5Z6185,United States,"2020-12-28"
Azalee Jacko,azalee.jacko@yahoo.com,ZW8R4214,Trinidad and Tobago,"2020-12-21"
Yen Wiese,wiese_y@yahoo.com,JV7L4552,Saint Kitts and Nevis,"2020-12-12"
Brooks Mcdowell,#VALUE!,IB6P5831,Belarus,"2020-12-03"
Kenneth Winfrey,#VALUE!,RI0X2153,Zimbabwe,"2020-12-30"
Rosie Vanalstyne,#VALUE!,YP8X7284,San Marino,"2020-12-07"
Maggie Slaymaker,#VALUE!,JE0K7554,Dominican Republic,"2020-12-28"
Gregory Sandiford,#VALUE!,HN1C8125,Benin,"2020-12-24"
Bernadette Pippen,#VALUE!,ZW4L3376,Kyrgyzstan,"2020-12-28"
Rosamond Whitmarsh,#VALUE!,SD2K6397,Albania,"2020-12-18"
Zachary Barrie,#VALUE!,IH8E2251,San Marino,"2020-12-21"
Hazel Lindow,#VALUE!,MG4W1489,Spain,"2020-12-01"
Latoyia Leavitt,#VALUE!,HN0J5258,Barbados,"2020-12-21"
Merilyn Beres,#VALUE!,RN6T7454,Marshall Islands,"2020-12-07"
Nickie Dunkle,#VALUE!,EK4P2961,Spain,"2020-12-29"
Corie Celestine,#VALUE!,HR0S5173,Equatorial Guinea,"2020-12-20"
Darin Arguello,#VALUE!,WS7Q8123,"Korea, North","2020-08-23"
Daniel Almeida,#VALUE!,DU9U1476,Malta,"2020-12-27"
Delorse Mcbean,#VALUE!,ZB7D9292,Benin,"2020-12-06"
Tabitha Strang,#VALUE!,HH9F4874,Mauritania,"2020-07-20"
Gale Boyles,#VALUE!,ZM7V2467,Libya,"2020-12-29"
Paulene Willette,#VALUE!,UR7V2666,"Sudan, South","2020-12-22"
Jacqulyn Stancil,#VALUE!,XP1Z2155,Togo,"2020-12-26"
Renato Christo,#VALUE!,BK4C3978,Guinea,"2020-12-23"
Rasheeda Gundlach,#VALUE!,ZM6C7439,Portugal,"2020-11-29"
Shizue Ribera,#VALUE!,UX0E2285,Canada,"2020-11-17"
Deanne Ulrich,#VALUE!,YJ3I2276,Central African Republic,"2020-11-08"
Irene Wisener,#VALUE!,OK4T8317,Colombia,"2020-09-20"
Robbi Brickner,#VALUE!,RO2R9919,Lebanon,"2020-12-18"
Reba Smyth,#VALUE!,ZC2E4976,Kazakhstan,"2020-12-29"
Kristian Welch,#VALUE!,NF0B9518,Malaysia,"2020-09-12"
Margie Raatz,#VALUE!,UR6V8716,Saint Kitts and Nevis,"2020-12-30"
Valery Merrit,#VALUE!,CR3P6953,Guyana,"2020-12-29"
Kasi Musgrove,#VALUE!,KX2T2728,Croatia,"2020-11-30"
Flossie Ortmann,#VALUE!,GO4I7112,India,"2020-11-22"
Maragret Giraldo,#VALUE!,GX3L5258,Haiti,"2020-12-02"
Nicolas Gadson,#VALUE!,IU2W8759,Togo,"2020-12-04"
Eugena Montufar,#VALUE!,AP6V9816,Ghana,"2020-10-31"
Estelle Grieves,#VALUE!,EG4L6513,Spain,"2020-12-14"
Doloris Wineinger,#VALUE!,GW1Y9994,Saint Kitts and Nevis,"2020-08-28"
Torie Hebb,#VALUE!,KH1E5885,Equatorial Guinea,"2020-12-24"
Maricela Caughman,#VALUE!,HK5A3433,Azerbaijan,"2020-12-03"
Coleen Roddy,#VALUE!,GD8D7329,Ecuador,"2020-09-23"
Kristle Ruggeri,#VALUE!,NA8O4418,Vatican City,"2020-11-04"
Otto Ruggerio,#VALUE!,WO0Y6923,Colombia,"2020-11-14"
Quinn Maclean,#VALUE!,NW5A3941,The Gambia,"2020-12-11"
Christena Frandsen,#VALUE!,YY8L6775,Vietnam,"2020-11-13"
Ardelle Mahler,#VALUE!,TN4Q8644,Haiti,"2020-12-14"
Bridgette Secrist,#VALUE!,NG8X8689,Palau,"2020-12-15"
Dara Heffron,#VALUE!,ND4J4613,Singapore,"2020-11-13"
Kathi Ullery,#VALUE!,XM1P2737,Belize,"2020-12-30"
Lanora Caylor,#VALUE!,SE9M9568,Spain,"2020-12-16"
Wilhemina Claar,#VALUE!,HQ6X5673,Sierra Leone,"2020-12-29"
Randall Hubbard,hubbard_randall@gmail.com,MT2I2167,Equatorial Guinea,"2020-12-25"
Abel Shields,shields_a@yahoo.com,XZ7E3546,Advertisement,"2020-12-10"
Trevin Perry,trevin_p@outlook.com,UN3T4639,Serbia,"2020-12-10"
Lorenzo Anderson,anderson_lorenzo@aol.com,YW6Z9326,Ethiopia,"2020-10-31"
Tabitha Bartlett,bartlett_tabitha@gmail.com,XK1V8354,Paraguay,"2020-12-29"
Cory Mullen,mullen_cory@gmail.com,EJ4E1469,Poland,"2020-11-17"
Yosef Carpenter,carpenter.yosef@gmail.com,OT8N3465,Gabon,"2020-11-24"
Alanna Sherman,alanna.sherman@outlook.com,QV9F8256,Saint Lucia,"2020-12-10"
Mason Jordan,mason_jordan@gmail.com,VP1X5134,Kazakhstan,"2020-10-17"
Trace Woodard,woodard_trace@yahoo.com,TE7R5764,Thailand,"2020-11-14"
Maci Owens,owens_m@yahoo.com,UC0L9754,Lithuania,"2020-11-30"
Gerardo Archer,gerardo_archer@aol.com,JV1U2354,Lithuania,"2020-12-22"
Danika Price,danika.price@gmail.com,VS1I3815,Albania,"2020-12-27"
Autumn Davidson,autumn.d@yahoo.com,SL5X4871,Namibia,"2020-11-06"
Gilbert Cortez,gilbert.cortez@yahoo.com,GJ8Q5125,United States,"2020-11-22"
Karly Henderson,karly.h@gmail.com,CM4O1154,Georgia,"2020-12-16"
Leandro Mason,leandro_mason@gmail.com,HJ1R3672,Cabo Verde,"2020-12-31"
Angel Ferrell,angel_ferrell@yahoo.com,QI1P5619,Senegal,"2020-12-24"
Jakob Fowler,jakob_fowler@gmail.com,JR9P7214,Belarus,"2020-12-17"
Micah Zavala,zavala.micah@gmail.com,LZ6Q5989,Zambia,"2020-09-04"
Troy Lindsey,lindsey_t@yahoo.com,QI7F9961,Togo,"2020-12-13"
Dixie Swanson,swanson.dixie@yahoo.com,ST3Y7298,Saint Lucia,"2020-11-20"
Katelynn Hodges,hodges.katelynn@aol.com,MV9T2798,Chad,"2020-11-13"
Amare Whitehead,whitehead.a@yahoo.com,JC9Z2229,Zambia,"2020-10-26"
Haylie Conrad,haylie.c@gmail.com,ZN7P4574,Haiti,"2020-12-29"
Marlene Calhoun,marlene_c@outlook.com,JW7J8986,Guinea,"2020-12-22"
Laila Pratt,pratt.l@yahoo.com,SX0E4878,Gabon,"2020-11-24"
Mitchell Gates,mitchell_gates@gmail.com,YQ3E2196,Myanmar (Burma),"2020-11-14"
Vivian Mckay,vivian.mckay@aol.com,WS6H3588,Iraq,"2020-11-20"
Antonio Davies,davies.a@yahoo.com,PN9F6825,Laos,"2020-11-21"
Kaelyn Shepard,shepard_k@gmail.com,MP1X9818,Indonesia,"2020-10-15"
Alex Wyatt,wyatt.a@yahoo.com,UJ3A3761,Mongolia,"2020-12-24"
Christopher Mcdowell,christopher.mcdowell@aol.com,NA4P8634,Paraguay,"2020-12-19"
Stanley Gonzales,gonzales_stanley@yahoo.com,YM1D9132,Jamaica,"2020-12-26"
Adrianna Allison,adrianna_allison@gmail.com,OM1K2949,Singapore,"2020-11-28"
Carley Lam,carley_l@yahoo.com,SA6J1694,Belgium,"2020-11-02"
Kane Hill,kane_h@gmail.com,NR6I2237,Vietnam,"2020-12-12"
Ariana Jensen,jensen.ariana@aol.com,EM4Y3318,Germany,"2020-12-22"
Kristian Dorsey,dorsey.k@yahoo.com,VB2Z2661,Luxembourg,"2020-11-24"
Hassan Austin,hassan.austin@yahoo.com,GD1N5779,United Arab Emirates,"2020-11-18"
Kelly Hampton,hampton.kelly@gmail.com,GT9R3985,Zambia,"2020-10-09"
Bryanna Padilla,bryanna.p@gmail.com,YK8R4831,Suriname,"2020-11-26"
Terrance Ball,ball.terrance@yahoo.com,DU8L8297,South Africa,"2020-12-21"
Khloe Carey,carey.k@outlook.com,NL9K7331,Vatican City,"2020-11-20"
Miranda Romero,romero.miranda@gmail.com,TZ4F2819,Laos,"2020-11-15"
Uriah Mclaughlin,mclaughlin.u@aol.com,SI9H1855,Papua New Guinea,"2020-10-23"
Sullivan Buckley,buckley.s@gmail.com,BA1A6947,Serbia,"2020-11-26"
Sergio Wong,sergio.w@yahoo.com,GG9O9746,Fiji,"2020-12-27"
Akira Moody,moody.a@gmail.com,LU3F7321,Armenia,"2020-12-31"
Kamila Dunn,kamila_d@outlook.com,RG5N8422,San Marino,"2020-11-26"
Jade Mcpherson,jade.m@gmail.com,GN3Q5555,Turkey,"2020-10-14"
Patrick Mcmahon,patrick.m@gmail.com,HZ4F1846,Iceland,"2020-12-06"
Dale Ware,dale.ware@yahoo.com,ZH0W5182,Israel,"2020-12-29"
Morgan Chang,morgan.c@gmail.com,UG7S9394,Germany,"2020-12-12"
Giovani Holland,giovani.h@yahoo.com,PG5I1248,Vanuatu,"2020-12-04"
Nora Hawkins,hawkins_n@yahoo.com,AD0H1128,Vatican City,"2020-08-01"
Genesis Gray,genesis_g@gmail.com,XL9K8445,Kiribati,"2020-12-08"
Peter Haas,haas_peter@gmail.com,LT0Y1788,Ecuador,"2020-12-12"
Adriel Stout,adriel_stout@outlook.com,ED1S3433,Turkey,"2020-12-29"
Mckinley Clayton,clayton.m@gmail.com,DD3S7223,Bangladesh,"2020-12-30"
Molly Rowe,rowe.molly@gmail.com,GR5A9919,Nigeria,"2020-12-15"
Zachery Fuentes,zachery_f@gmail.com,PC6Z4226,Venezuela,"2020-12-10"
Willow Lawrence,willow_lawrence@yahoo.com,NL5E1257,Armenia,"2020-12-08"
Jonah Mcintyre,mcintyre.jonah@yahoo.com,UL9V9212,Germany,"2020-12-13"
Caroline Guzman,caroline.g@aol.com,DT7Z7643,Liberia,"2020-12-29"
Kaiya Swanson,kaiya.swanson@gmail.com,IX8B1332,Mali,"2020-12-23"
Diya Jennings,jennings_diya@gmail.com,VE3S3163,Myanmar (Burma),"2020-12-17"
Kinsley Bowman,bowman_k@gmail.com,HB1D8959,"Congo, Republic of the","2020-09-16"
Ella Oliver,ella.o@gmail.com,HQ6U2784,Iraq,"2020-12-17"
Ellis Kim,kim_e@gmail.com,YD9D8824,Madagascar,"2020-08-20"
Timothy Lucas,lucas.t@yahoo.com,WM6O5341,Burundi,"2020-11-19"
Bailey Velazquez,velazquez.b@yahoo.com,QX0Z9554,Bahrain,"2020-12-25"
Rafael Vaughan,vaughan.r@gmail.com,VL3N5691,Norway,"2020-12-19"
Sarahi Huffman,sarahi.h@yahoo.com,CZ2X5543,Syria,"2020-10-25"
Jeremy Reeves,jeremy_reeves@outlook.com,RZ1S9231,Oman,"2020-12-07"
Jamal Barr,barr_jamal@yahoo.com,JJ9C7925,Vanuatu,"2020-12-10"
Madison Mcbride,mcbride.madison@gmail.com,EF3G8879,Egypt,"2020-12-04"
Jovanni Herrera,jovanni_herrera@gmail.com,ZV5Q4462,Nepal,"2020-11-09"
Chad Bailey,chad.bailey@gmail.com,CN2Z7166,Mauritius,"2020-12-11"
Yasmine Allen,allen.y@yahoo.com,EW0S3855,Mali,"2020-11-05"
Jamie Barton,barton.j@gmail.com,XH1I3162,Dominican Republic,"2020-12-27"
Ernest Kerr,ernest_kerr@yahoo.com,AC9A5489,Guatemala,"2020-11-21"
Vance Duran,vance_d@gmail.com,PJ4O2549,Grenada,"2020-10-05"
Dashawn Crosby,crosby.d@yahoo.com,ZO8X6659,Sri Lanka,"2020-12-18"
Yael Wright,yael.wright@yahoo.com,YR7P4744,Mexico,"2020-11-21"
Brady Banks,banks_b@gmail.com,ZO7G9139,Croatia,"2020-10-17"
Kole Mcintyre,mcintyre_k@yahoo.com,UK3H1883,Panama,"2020-12-24"
Elian Bowen,elian.bowen@gmail.com,ZI6N8295,Norway,"2020-12-30"
Finley Duffy,duffy.f@yahoo.com,ZY3X8471,Kuwait,"2020-11-23"
David Morrison,morrison_d@gmail.com,QW3S3663,"Micronesia, Federated States of","2020-11-03"
Selena Bauer,bauer.s@yahoo.com,DN2S9332,Netherlands,"2020-12-27"
Valentino Bishop,bishop_valentino@yahoo.com,XW0E7987,Canada,"2020-12-26"
Arthur Cole,arthur.c@outlook.com,UD4B6884,New Zealand,"2020-12-21"
Ciara Baldwin,ciara.baldwin@aol.com,TG0R1215,Poland,"2020-12-26"
Andreas Nielsen,andreas_nielsen@gmail.com,KG4F8894,Benin,"2020-12-30"
Shania Zavala,zavala_shania@gmail.com,VN4K6615,South Africa,"2020-12-01"
Neil Moyer,neil.moyer@yahoo.com,DG3W9357,Denmark,"2020-11-04"
Adelaide Foster,adelaide_f@gmail.com,AE6G8538,Austria,"2020-12-01"
Jonathon Fields,jonathon.f@outlook.com,KZ7E1959,Switzerland,"2020-11-03"
Randall Melendez,melendez_r@yahoo.com,IA9M5157,Liberia,"2020-12-15"
